<?xml version="1.0"?>
<images>
    <image>
        <thumb>images/image1.jpg</thumb>
    </image>
    <image>
        <thumb>images/image2.jpg</thumb>
    </image>
    <image>
        <thumb>images/image3.jpg</thumb>
    </image>
    <image>
        <thumb>images/image4.jpg</thumb>
    </image>
    <image>
        <thumb>images/image5.jpg</thumb>
    </image>
    <image>
        <thumb>images/image6.jpg</thumb>
    </image>
    <image>
        <thumb>images/image7.jpg</thumb>
    </image>
    <image>
        <thumb>images/image8.jpg</thumb>
    </image>
    <image>
        <thumb>images/image9.jpg</thumb>
    </image>
    <image>
        <thumb>images/image10.jpg</thumb>
    </image>
</images>