<album>
<track file="01 A Reminiscent Drive - Ambrosia.mp3" name="Ambrosia" />
<track file="02 Shirley Bassey - Where Do I Begin (Away Team Mix).mp3" name="Where Do I Begin (Away Team Mix)" />
<track file="03 Cosmos Sound Club - Les chrysanthèmes.mp3" name="Les chrysanthèmes" />
<track file="04 Stereo Action Unlimited - Hi-fi Trumpet (Boyz From Brazil Mix).mp3" name="Hi-fi Trumpet (Boyz From Brazil Mix)" />
<track file="05 Coco Steel & Lovebomb - Yachts (A Man Called Adm Mix).mp3" name="Yachts (A Man Called Adm Mix)" />
<track file="06 Hacienda - Late Lounge Lover.mp3" name="Late Lounge Lover" />
<track file="07 Funky Lowlives - Latazz.mp3" name="Latazz" />
<track file="08 Cujo-Superstars Of Rock - Apollo (Adam Goldstone Edit).mp3" name="Apollo (Adam Goldstone Edit)" />
<track file="09 Can 7 - Cruisin'.mp3" name="Cruisin'" />
<track file="10 Gazzara featuring Elise - Timeless (Orange Factory Remix).mp3" name="Timeless (Orange Factory Remix)" />
<track file="11 Stéphane Pompougnac - PNC aux portes.mp3" name="PNC aux portes" />
<track file="12 Nickodemus - Cleopatra In New York.mp3" name="Cleopatra In New York" />
<track file="13 Trouble Makers - Electrorloge.mp3" name="Electrorloge" />
<track file="14 Gotan Project - Last Tango In Paris.mp3" name="Last Tango In Paris" />
<track file="15 Lustral - Every Time (A Man Called Adam Balearic Remix).mp3" name="Every Time (A Man Called Adam Balearic Remix)" />
</album>
