<genres>
  <genre name="Rock">
    <band name="AC/DC" image="acdc.png" founded="1973" status="Active">
      <member>Angus Young</member>
      <member>Malcolm Young</member>
      <member>Brian Johnson</member>
      <member>Cliff Williams</member>
      <member>Phil Rudd</member>
    </band>
    <band name="Aerosmith" image="aerosmith.png" founded="1970" status="Active">
      <member>Steven Tyler</member>
      <member>Joe Perry</member>
      <member>Tom Hamilton</member>
      <member>Brad Whitford</member>
      <member>Joey Kramer</member>
    </band>
    <band name="Black Crowes" image="blackcrowes.png" founded="1989" status="Active">
      <member>Chris Robinson</member>
      <member>Rich Robinson</member>
      <member>Steve Gorman</member>
      <member>Adam MacDougall</member>
      <member>Sven Pipien</member>
      <member>Luther Dickinson</member>
    </band>
    <band name="Indigo Girls" image="indigo.png" founded="1985" status="Active">
      <member>Amy Ray</member>
      <member>Emily Saliers</member>
    </band>
    <band name="Little Feat" image="littlefeat.png" founded="1969" status="Active">
      <member>Fred Tackett</member>
      <member>Paul Barrere</member>
      <member>Richie Hayward</member>
      <member>Bill Payne</member>
      <member>Kenny Gradney</member>
      <member>Sam Clayton</member>
      <member>Shaun Murphy</member>
    </band>
    <band name="The Clash" image="londoncalling.png" founded="1976" status="Inactive">
      <member>Joe Strummer</member>
      <member>Mick Jones</member>
      <member>Paul Simonon</member>
      <member>Topper Headon</member>
    </band>
    <band name="Led Zeppelin" image="zeppelin.png" founded="1968" status="Inactive">
      <member>Jimmy Page</member>
      <member>John Paul Jones</member>
      <member>Robert Plant</member>
      <member>John Bonham</member>
    </band>
  </genre>
  <genre name="Blues">
    <band name="Bonnie Raitt" image="bonnieraitt.png" founded="1971" status="Active">
      <member>Bonnie Raitt</member>
    </band>
  </genre>
  <genre name="Soul">
    <band name="Earth, Wind and Fire" image="earthwindfire.png" founded="1969" status="Active">
      <member>Maurice White</member>
      <member>Verdine White</member>
      <member>Ralph Johnson</member>
      <member>Philip Bailey</member>
      <member>John Paris</member>
    </band>
  </genre>
  <genre name="Reggae">
    <band name="Bob Marley And The Wailers" image="legend.png" founded="1962" status="Deceased">
      <member>Bob Marley</member>
    </band>
  </genre>
</genres>

