<items>
<item path="CRW_4860.jpg" width="225" height="300" type="bitmapfile" />
<item path="CRW_4887.jpg" width="225" height="300" type="bitmapfile" />
<item path="CRW_5181.jpg" width="225" height="300" type="bitmapfile" />
<item path="CRW_8371.jpg" width="225" height="300" type="bitmapfile" />
<item path="CRW_8640.jpg" width="225" height="300" type="bitmapfile" />
<item path="CRW_8675.jpg" width="225" height="300" type="bitmapfile" />
<item path="IMG_0102.jpg" width="225" height="300" type="bitmapfile" />
<item path="IMG_0104.jpg" width="225" height="300" type="bitmapfile" />
<item path="IMG_0917.jpg" width="225" height="300" type="bitmapfile" />
<item path="IMG_1446.jpg" width="225" height="300" type="bitmapfile" />
<item path="IMG_1558.jpg" width="225" height="300" type="bitmapfile" />
<item path="IMG_4397.jpg" width="225" height="300" type="bitmapfile" />
<item path="IMG_4879.jpg" width="225" height="300" type="bitmapfile" />
<item path="IMG_5416.jpg" width="225" height="300" type="bitmapfile" />
<item path="IMG_8419.jpg" width="225" height="300" type="bitmapfile" />
<item path="IMG_9967.jpg" width="225" height="300" type="bitmapfile" />
<item path="IMG_9977.jpg" width="225" height="300" type="bitmapfile" />
</items>
