<images>
<image name="CRW_4860.jpg" width="225" height="300" />
<image name="CRW_4887.jpg" width="225" height="300" />
<image name="CRW_5181.jpg" width="225" height="300" />
<image name="CRW_8371.jpg" width="225" height="300" />
<image name="CRW_8640.jpg" width="225" height="300" />
<image name="CRW_8675.jpg" width="225" height="300" />
<image name="IMG_0102.jpg" width="225" height="300" />
<image name="IMG_0104.jpg" width="225" height="300" />
<image name="IMG_0917.jpg" width="225" height="300" />
<image name="IMG_1446.jpg" width="225" height="300" />
<image name="IMG_1558.jpg" width="225" height="300" />
<image name="IMG_4397.jpg" width="225" height="300" />
<image name="IMG_4879.jpg" width="225" height="300" />
<image name="IMG_5416.jpg" width="225" height="300" />
<image name="IMG_8419.jpg" width="225" height="300" />
<image name="IMG_9967.jpg" width="225" height="300" />
<image name="IMG_9977.jpg" width="225" height="300" />
</images>
