<images>
<image name="CRW_6545.jpg" width="300" height="225" />
<image name="CRW_6720.jpg" width="300" height="225" />
<image name="CRW_6973.jpg" width="300" height="225" />
<image name="CRW_6982.jpg" width="300" height="225" />
<image name="CRW_7114.jpg" width="300" height="225" />
<image name="CRW_7445.jpg" width="300" height="225" />
<image name="CRW_7669.jpg" width="300" height="225" />
<image name="CRW_7678.jpg" width="300" height="225" />
<image name="CRW_9120.jpg" width="300" height="225" />
<image name="IMG_0028.jpg" width="300" height="225" />
<image name="IMG_0566.jpg" width="300" height="225" />
<image name="IMG_0570.jpg" width="300" height="225" />
<image name="IMG_0617.jpg" width="300" height="225" />
<image name="IMG_0810.jpg" width="300" height="225" />
<image name="IMG_5160.jpg" width="300" height="225" />
<image name="IMG_5161.jpg" width="300" height="225" />
</images>
