<images>
		<image name="ducks1_1152.jpg" />
		<image name="ducks2_1152.jpg" />
		<image name="flower10_1152.jpg" />
		<image name="flower11_1152.jpg" />
		<image name="flower12_1152.jpg" />
		<image name="flower13_1152.jpg" />
		<image name="flower14_1152.jpg" />
		<image name="flower15_1152.jpg" />
		<image name="flower16_1152.jpg" />
		<image name="flower17_1152.jpg" />
		<image name="flower18_1152.jpg" />
		<image name="flower19_1152.jpg" />
		<image name="flower20_1152.jpg" />
		<image name="flower21_1152.jpg" />
		<image name="flower22_1152.jpg" />
		<image name="flower23_1152.jpg" />
		<image name="flower24_1152.jpg" />
		<image name="flower25_1152.jpg" />
		<image name="flower26_1152.jpg" />
		<image name="flower27_1152.jpg" />
		<image name="flower28_1152.jpg" />
		<image name="flower29_1152.jpg" />
		<image name="flower2_1152.jpg" />
		<image name="flower30_1152.jpg" />
		<image name="flower3_1152.jpg" />
		<image name="flower5_1152.jpg" />
		<image name="flower6_1152.jpg" />
		<image name="flower7_1152.jpg" />
		<image name="flower8_1152.jpg" />
		<image name="flower9_1152.jpg" />
		<image name="mp1_1152.jpg" />
</images>
