<images>
		<image name="wide1.jpg" />
		<image name="wide10.jpg" />
		<image name="wide11.jpg" />
		<image name="wide12.jpg" />
		<image name="wide13.jpg" />
		<image name="wide2.jpg" />
		<image name="wide3.jpg" />
		<image name="wide4.jpg" />
		<image name="wide5.jpg" />
		<image name="wide6.jpg" />
		<image name="wide7.jpg" />
		<image name="wide8.jpg" />
		<image name="wide9.jpg" />
		<image name="tall1.jpg" />
		<image name="tall2.jpg" />
		<image name="tall3.jpg" />
		<image name="tall4.jpg" />
		<image name="tall5.jpg" />
		<image name="tall6.jpg" />
		<image name="tall7.jpg" />
</images>
