<?xml version="1.0" encoding="UTF-8"?>
<items>
		<item path="DSCN1091.jpg" width="640" height="480" type="bitmapfile" />
		<item path="DSCN4739.jpg" width="640" height="480" type="bitmapfile" />
		<item path="DSCN4742.jpg" width="640" height="480" type="bitmapfile" />
		<item path="DSCN4855.jpg" width="640" height="480" type="bitmapfile" />
		<item path="DSCN5249.jpg" width="480" height="640" type="bitmapfile" />
		<item path="DSCN6016.jpg" width="640" height="480" type="bitmapfile" />
		<item path="IMGP8171.jpg" width="639" height="427" type="bitmapfile" />
		<item path="IMG_0146.jpg" width="640" height="480" type="bitmapfile" />
		<item path="IMG_0417.jpg" width="640" height="480" type="bitmapfile" />
		<item path="IMG_0485_3.jpg" width="639" height="469" type="bitmapfile" />
		<item path="IMG_0631.jpg" width="640" height="480" type="bitmapfile" />
		<item path="IMG_1328.jpg" width="640" height="480" type="bitmapfile" />
		<item path="IMG_2318.jpg" width="640" height="480" type="bitmapfile" />
		<item path="IMG_2424.jpg" width="480" height="640" type="bitmapfile" />
		<item path="IMG_2433.jpg" width="640" height="480" type="bitmapfile" />
		<item path="IMG_2546.jpg" width="639" height="359" type="bitmapfile" />
		<item path="IMG_2556.jpg" width="640" height="480" type="bitmapfile" />
		<item path="IMG_2673_2.jpg" width="640" height="480" type="bitmapfile" />
		<item path="IMG_2793_2.jpg" width="639" height="397" type="bitmapfile" />
</items>
