<images>
<image name="harold_1.jpg" />
<image name="harold_2.jpg" />
<image name="harold_3.jpg" />
<image name="harold_4.jpg" />
<image name="harold_5.jpg" />
<image name="harold_6.jpg" />
<image name="harold_7.jpg" />
<image name="harold_8.jpg" />
<image name="harold_9.jpg" />
<image name="harold_10.jpg" />
<image name="harold_11.jpg" />
<image name="harold_12.jpg" />
<image name="harold_13.jpg" />
<image name="harold_14.jpg" />
<image name="harold_15.jpg" />
<image name="harold_16.jpg" />
<image name="harold_17.jpg" />
<image name="harold_18.jpg" />
</images>
